﻿案件ID,企業名,業界,企業規模,問い合わせ日,研修テーマ,受講想定人数,見積金額,ステータス,次アクション,次アクション期限,担当,備考
INQ-0001,未来製作所株式会社,製造,Enterprise,2025/11/25,RAGシステム入門,58,1889000,保留,提案書作成,2025/11/28,鈴木,
INQ-0002,未来フロンティア株式会社,小売,Enterprise,2025/12/19,業務効率化ワークショップ,97,3592000,提案中,提案書作成,2025/12/26,田中,役員プレゼン予定
INQ-0003,東京ホールディングス株式会社,医療,Enterprise,2026/1/20,経営層向けAI戦略,94,7237000,失注,-,-,鈴木,競合他社に決定
INQ-0004,未来技研株式会社,医療,SMB,2026/2/15,生成AI基礎,26,794000,新規,初回ヒアリング,2026/2/19,佐藤,
INQ-0005,デジタル工業株式会社,小売,SMB,2026/2/2,RAGシステム入門,9,597000,見積提出済,再訪問,2026/2/7,佐藤,
INQ-0006,デジタル販売合同会社,建設,SMB,2026/2/19,業務効率化ワークショップ,31,1139000,見積提出済,クロージング,2026/2/28,鈴木,
INQ-0007,ネクスト販売株式会社,小売,SMB,2026/1/24,業務効率化ワークショップ,26,741000,新規,提案書作成,2026/2/2,高橋,
INQ-0008,ネクスト製作所株式会社,小売,Mid,2025/11/15,画像生成AI活用,11,340000,失注,-,-,山田,予算合わず
INQ-0009,ネクスト製作所株式会社,金融,Mid,2026/2/28,業務効率化ワークショップ,35,1502000,失注,-,-,佐藤,競合他社に決定
INQ-0010,東京商事株式会社,建設,Mid,2025/9/13,業務効率化ワークショップ,49,4308000,失注,-,-,高橋,予算合わず
INQ-0011,ネクスト販売株式会社,製造,Enterprise,2025/11/7,RAGシステム入門,34,2369000,保留,提案書作成,2025/11/10,田中,
INQ-0012,東京販売株式会社,小売,Enterprise,2026/2/3,生成AI基礎,98,6520000,受注,-,-,佐藤,キックオフ日程調整中
INQ-0013,スマート工業株式会社,小売,Mid,2026/1/2,経営層向けAI戦略,42,2953000,失注,-,-,佐藤,時期尚早
INQ-0014,東京商事株式会社,物流,SMB,2026/2/8,経営層向けAI戦略,46,2280000,失注,-,-,山田,予算合わず
INQ-0015,オリエンタルホールディングス合同会社,小売,Enterprise,2026/1/19,プロンプトエンジニアリング活用,90,4694000,受注,-,-,佐藤,キックオフ日程調整中
INQ-0016,未来技研合同会社,IT,Enterprise,2025/12/6,経営層向けAI戦略,59,5019000,新規,提案書作成,2025/12/13,山田,
INQ-0017,グローバル販売株式会社,金融,Mid,2025/11/4,RAGシステム入門,43,2154000,受注,-,-,鈴木,キックオフ日程調整中
INQ-0018,ネクスト販売株式会社,小売,Enterprise,2026/1/9,業務効率化ワークショップ,47,1363000,新規,提案書作成,2026/1/23,鈴木,
INQ-0019,東京ホールディングス株式会社,製造,SMB,2026/1/23,生成AI基礎,49,2374000,受注,-,-,田中,キックオフ日程調整中
INQ-0020,日本システムズ合同会社,製造,Mid,2026/1/14,RAGシステム入門,7,330000,新規,見積書送付,2026/1/25,山田,
INQ-0021,スマート工業株式会社,金融,SMB,2026/2/14,プロンプトエンジニアリング活用,16,869000,見積提出済,クロージング,2026/2/27,鈴木,
INQ-0022,ネクスト製作所株式会社,IT,SMB,2026/2/26,経営層向けAI戦略,11,851000,受注,-,-,佐藤,キックオフ日程調整中
INQ-0023,オリエンタルホールディングス株式会社,IT,SMB,2025/11/15,プロンプトエンジニアリング活用,6,541000,受注,-,-,山田,キックオフ日程調整中
INQ-0024,オリエンタルホールディングス株式会社,物流,Enterprise,2026/2/9,画像生成AI活用,49,1581000,新規,見積書送付,2026/2/12,田中,
INQ-0025,オリエンタルホールディングス株式会社,教育,Mid,2025/11/14,画像生成AI活用,37,1085000,失注,-,-,鈴木,予算合わず
INQ-0026,オリエンタル技研株式会社,医療,Mid,2026/2/1,業務効率化ワークショップ,9,781000,見積提出済,見積書送付,2026/2/12,山田,
INQ-0027,スマート製作所株式会社,物流,Enterprise,2025/12/14,RAGシステム入門,76,2992000,失注,-,-,佐藤,時期尚早
INQ-0028,グローバル販売株式会社,製造,Mid,2026/1/13,RAGシステム入門,18,1142000,見積提出済,クロージング,2026/1/23,鈴木,
INQ-0029,スマートホールディングス株式会社,建設,Enterprise,2026/1/7,プロンプトエンジニアリング活用,77,3862000,見積提出済,初回ヒアリング,2026/1/13,鈴木,
INQ-0030,スマート製作所株式会社,金融,SMB,2026/1/8,生成AI基礎,20,1227000,見積提出済,クロージング,2026/1/21,高橋,
INQ-0031,オリエンタルホールディングス株式会社,建設,Mid,2026/1/23,プロンプトエンジニアリング活用,14,1394000,受注,-,-,山田,キックオフ日程調整中
INQ-0032,東京販売株式会社,建設,SMB,2026/2/8,画像生成AI活用,20,714000,受注,-,-,田中,キックオフ日程調整中
INQ-0033,スマート製作所株式会社,建設,Enterprise,2026/2/20,経営層向けAI戦略,111,7686000,新規,クロージング,2026/2/27,高橋,
INQ-0034,テック工業株式会社,建設,Enterprise,2026/2/27,プロンプトエンジニアリング活用,98,3066000,新規,見積書送付,2026/3/10,鈴木,
INQ-0035,デジタル工業株式会社,物流,Enterprise,2025/10/5,プロンプトエンジニアリング活用,97,3432000,受注,-,-,高橋,キックオフ日程調整中
INQ-0036,スマート販売株式会社,物流,Enterprise,2026/1/7,経営層向けAI戦略,99,5913000,失注,-,-,鈴木,競合他社に決定
INQ-0037,スマート販売株式会社,医療,Mid,2026/2/27,プロンプトエンジニアリング活用,22,1316000,提案中,提案書作成,2026/3/9,高橋,
INQ-0038,日本工業株式会社,製造,Mid,2026/2/20,画像生成AI活用,41,2970000,見積提出済,クロージング,2026/2/25,佐藤,
INQ-0039,スマート製作所株式会社,医療,Mid,2025/10/13,RAGシステム入門,26,1491000,保留,見積書送付,2025/10/17,高橋,
INQ-0040,日本工業株式会社,製造,Mid,2026/1/24,プロンプトエンジニアリング活用,46,1458000,見積提出済,提案書作成,2026/1/30,山田,
INQ-0041,スマートソリューションズ株式会社,医療,SMB,2026/2/20,業務効率化ワークショップ,47,1428000,新規,見積書送付,2026/2/25,鈴木,
INQ-0042,未来技研株式会社,金融,Mid,2026/1/24,生成AI基礎,42,1368000,提案中,クロージング,2026/2/7,高橋,
INQ-0043,ネクスト製作所株式会社,小売,Enterprise,2025/11/19,RAGシステム入門,144,4576000,失注,-,-,山田,競合他社に決定
INQ-0044,あおぞら販売株式会社,小売,Enterprise,2026/1/22,経営層向けAI戦略,47,3002000,新規,クロージング,2026/2/5,鈴木,
INQ-0045,オリエンタル技研株式会社,IT,Enterprise,2025/11/6,画像生成AI活用,114,7286000,失注,-,-,鈴木,予算合わず
INQ-0046,テック工業株式会社,建設,SMB,2026/2/3,業務効率化ワークショップ,41,2967000,提案中,見積書送付,2026/2/8,高橋,
INQ-0047,東京商事株式会社,教育,Mid,2026/1/12,画像生成AI活用,49,2477000,提案中,初回ヒアリング,2026/1/18,佐藤,
INQ-0048,グローバル販売株式会社,医療,Enterprise,2026/2/16,業務効率化ワークショップ,128,8130000,新規,クロージング,2026/3/2,佐藤,
INQ-0049,オリエンタルソリューションズ株式会社,教育,Mid,2025/12/22,画像生成AI活用,38,1872000,見積提出済,見積書送付,2026/1/5,鈴木,
INQ-0050,東京商事株式会社,医療,SMB,2026/1/10,経営層向けAI戦略,17,785000,提案中,提案書作成,2026/1/16,佐藤,
INQ-0051,オリエンタルソリューションズ株式会社,IT,SMB,2026/2/9,プロンプトエンジニアリング活用,23,894000,提案中,提案書作成,2026/2/16,田中,
INQ-0052,グローバル販売株式会社,IT,Enterprise,2025/9/2,プロンプトエンジニアリング活用,127,4094000,失注,-,-,高橋,競合他社に決定
INQ-0053,ネクスト販売株式会社,IT,Mid,2026/1/6,生成AI基礎,9,539000,提案中,提案書作成,2026/1/11,山田,
INQ-0054,未来フロンティア株式会社,医療,SMB,2026/2/10,画像生成AI活用,31,2212000,見積提出済,クロージング,2026/2/20,田中,
INQ-0055,オリエンタルソリューションズ株式会社,物流,Mid,2026/2/10,画像生成AI活用,44,1349000,見積提出済,提案書作成,2026/2/17,佐藤,
INQ-0056,ネクスト製作所株式会社,金融,Enterprise,2026/1/6,生成AI基礎,35,2079000,提案中,初回ヒアリング,2026/1/12,鈴木,役員プレゼン予定
INQ-0057,あおぞらシステムズ株式会社,小売,Enterprise,2025/12/10,プロンプトエンジニアリング活用,121,8743000,失注,-,-,高橋,予算合わず
INQ-0058,スマートソリューションズ株式会社,IT,SMB,2026/1/21,生成AI基礎,8,339000,提案中,見積書送付,2026/1/31,田中,
INQ-0059,あおぞら製作所株式会社,物流,Mid,2025/11/23,画像生成AI活用,39,2311000,失注,-,-,高橋,時期尚早
INQ-0060,未来ホールディングス株式会社,小売,SMB,2025/12/9,経営層向けAI戦略,41,3129000,失注,-,-,鈴木,時期尚早