﻿メモID,登録日,区分,課題タイトル,課題内容,影響度,緊急度,現状ステータス,関連案件ID,対応案,オーナー,期限
ISS-0001,2025/12/25,運用,講師アサイン逼迫,人気講師のスケジュールが2ヶ月先まで埋まっている。,低,中,対応中,,マニュアルの改訂,高橋,2026/1/3
ISS-0002,2026/1/14,講師,GPU環境の不足,ハンズオン研修用のGPUインスタンスが確保できない場合がある。,高,高,対応中,,マニュアルの改訂,鈴木,2026/2/11
ISS-0003,2026/2/27,営業,見積作成の遅延,案件急増により営業事務の手が足りていない。5日程度の遅れ。 (特定の顧客クレーム起因),中,中,解決,INQ-0050,マニュアルの改訂,田中,2026/3/6
ISS-0004,2026/2/18,営業,インサイドセールス連携,Web問い合わせからのリードタイムが長くなっている。,中,低,解決,,マニュアルの改訂,高橋,2026/2/26
ISS-0005,2026/1/18,運用,講師アサイン逼迫,人気講師のスケジュールが2ヶ月先まで埋まっている。,低,高,未対応,,営業会議での周知,佐藤,2026/2/16
ISS-0006,2025/12/18,営業,見積作成の遅延,案件急増により営業事務の手が足りていない。5日程度の遅れ。,中,高,対応中,,プロセス自動化の検討,高橋,2026/1/16
ISS-0007,2026/1/23,運用,請求書発行ミス,経理連携が手動のため、宛名間違いが発生。,低,高,対応中,,マニュアルの改訂,佐藤,2026/2/18
ISS-0008,2026/1/5,営業,競合とのバッティング,他社も生成AI研修を強化しており、価格競争が激化している。,中,低,解決,,外部パートナーへの委託,鈴木,2026/1/30
ISS-0009,2026/1/22,営業,インサイドセールス連携,Web問い合わせからのリードタイムが長くなっている。,低,中,解決,,営業会議での周知,高橋,2026/2/12
ISS-0010,2026/2/28,運用,テキスト品質のばらつき,急造した新コース（画像生成AI活用）のテキストに誤植が多いとの指摘あり。 (特定の顧客クレーム起因),低,高,対応中,INQ-0048,マニュアルの改訂,高橋,2026/3/19
ISS-0011,2026/2/26,運用,講師アサイン逼迫,人気講師のスケジュールが2ヶ月先まで埋まっている。 (特定の顧客クレーム起因),中,低,保留,INQ-0007,マニュアルの改訂,山田,2026/3/21
ISS-0012,2026/2/1,運用,講師アサイン逼迫,人気講師のスケジュールが2ヶ月先まで埋まっている。,中,高,対応中,,外部パートナーへの委託,鈴木,2026/2/27
ISS-0013,2026/2/21,営業,競合とのバッティング,他社も生成AI研修を強化しており、価格競争が激化している。,低,中,保留,,マニュアルの改訂,田中,2026/3/1
ISS-0014,2026/2/8,運用,請求書発行ミス,経理連携が手動のため、宛名間違いが発生。,高,中,対応中,,人員追加による対応,高橋,2026/2/20
ISS-0015,2026/2/1,営業,見積作成の遅延,案件急増により営業事務の手が足りていない。4日程度の遅れ。,中,中,解決,,プロセス自動化の検討,田中,2026/2/21
ISS-0016,2026/1/26,運用,講師アサイン逼迫,人気講師のスケジュールが2ヶ月先まで埋まっている。,高,低,解決,,プロセス自動化の検討,高橋,2026/2/20
ISS-0017,2025/12/15,運用,請求書発行ミス,経理連携が手動のため、宛名間違いが発生。,高,中,解決,,プロセス自動化の検討,山田,2026/1/5
ISS-0018,2026/2/19,運用,請求書発行ミス,経理連携が手動のため、宛名間違いが発生。 (特定の顧客クレーム起因),中,中,解決,INQ-0025,マニュアルの改訂,山田,2026/3/5
ISS-0019,2026/1/12,運用,請求書発行ミス,経理連携が手動のため、宛名間違いが発生。,低,中,対応中,,人員追加による対応,田中,2026/2/11
ISS-0020,2026/1/10,運用,テキスト品質のばらつき,急造した新コース（プロンプトエンジニアリング活用）のテキストに誤植が多いとの指摘あり。,中,低,解決,,プロセス自動化の検討,山田,2026/2/6
ISS-0021,2026/2/10,営業,インサイドセールス連携,Web問い合わせからのリードタイムが長くなっている。 (特定の顧客クレーム起因),中,低,対応中,INQ-0019,外部パートナーへの委託,高橋,2026/2/22
ISS-0022,2026/1/26,講師,GPU環境の不足,ハンズオン研修用のGPUインスタンスが確保できない場合がある。,中,中,解決,,外部パートナーへの委託,山田,2026/2/16
ISS-0023,2026/2/5,運用,テキスト品質のばらつき,急造した新コース（画像生成AI活用）のテキストに誤植が多いとの指摘あり。 (特定の顧客クレーム起因),中,高,対応中,INQ-0035,人員追加による対応,高橋,2026/2/23
ISS-0024,2026/2/22,運用,請求書発行ミス,経理連携が手動のため、宛名間違いが発生。,中,高,未対応,,営業会議での周知,田中,2026/3/11
ISS-0025,2026/2/8,営業,競合とのバッティング,他社も生成AI研修を強化しており、価格競争が激化している。 (特定の顧客クレーム起因),中,低,解決,INQ-0003,人員追加による対応,鈴木,2026/3/2