﻿案件ID,企業名,業界,従業員規模,相談日,支援メニュー,期待効果,見積金額,想定工数,フェーズ,ステータス,停滞理由,次アクション,次アクション期限,担当,備考
DX-0001,東洋製作所株式会社,建設,51〜100名,2025-10-01,業務整理・可視化,工数削減,1520000,19,導入中,停滞,要件未確定で手戻り,定例MTG,2025-11-09,山田,
DX-0002,国際精工有限会社,建設,51〜100名,2025-12-22,運用設計,ミス削減,4200000,35,要件定義中,進行中,,定例MTG,2026-01-04,山田,
DX-0003,東京運輸有限会社,士業,301〜1000名,2026-01-12,定着支援,データ活用基盤,3840000,48,導入中,リスケ中,顧客繁忙期のため一時中断,定例MTG,2026-02-09,伊藤,キーマンへのアプローチ重要
DX-0004,国際食品株式会社,建設,51〜100名,2026-02-04,データ移行・整備,属人化解消,2880000,32,初回相談,進行中,,ヒアリングシート回収,2026-03-11,山田,
DX-0005,大阪精工株式会社,卸売,〜50名,2026-02-28,運用設計,ミス削減,800000,10,初回相談,停滞,顧客現行ベンダーの非協力,ヒアリングシート回収,2026-03-20,高橋,
DX-0006,光食品株式会社,士業,〜50名,2026-02-02,RPA導入,業務可視化,2530000,23,提案作成中,進行中,,提案書レビュー,2026-03-16,渡辺,
DX-0007,協和製作所株式会社,建設,101〜300名,2026-01-16,要件定義支援,工数削減,4680000,39,提案提出済,リスケ中,顧客繁忙期のため一時中断,見積回答待ち,2026-02-24,高橋,
DX-0008,光食品株式会社,製造,〜50名,2026-02-17,定着支援,ペーパーレス化,3440000,43,初回相談,進行中,,ヒアリングシート回収,2026-04-01,山田,
DX-0009,東京技研株式会社,卸売,301〜1000名,2025-12-20,運用設計,ミス削減,4560000,38,要件定義中,進行中,,定例MTG,2026-01-11,鈴木,キーマンへのアプローチ重要
DX-0010,東洋商事有限会社,医療,301〜1000名,2025-12-05,SaaS導入支援,工数削減,2720000,34,導入中,リスケ中,顧客繁忙期のため一時中断,定例MTG,2025-12-25,田中,キーマンへのアプローチ重要
DX-0011,東洋運輸株式会社,卸売,51〜100名,2026-01-05,SaaS導入支援,業務可視化,2970000,33,保留,進行中,,定例MTG,2026-02-14,渡辺,
DX-0012,大阪精工株式会社,医療,〜50名,2025-09-27,要件定義支援,業務可視化,880000,11,完了,完了,,-,-,佐藤,
DX-0013,東洋技研株式会社,物流,51〜100名,2025-12-07,運用設計,データ活用基盤,3700000,37,要件定義中,進行中,,定例MTG,2026-01-10,山田,
DX-0014,東京工業有限会社,物流,51〜100名,2026-02-02,運用設計,業務可視化,2970000,33,提案提出済,進行中,,見積回答待ち,2026-02-13,山田,
DX-0015,協和製作所株式会社,製造,101〜300名,2026-02-23,データ移行・整備,ミス削減,2880000,32,初回相談,停滞,要件未確定で手戻り,ヒアリングシート回収,2026-03-04,渡辺,
DX-0016,東洋サービス株式会社,建設,〜50名,2026-02-07,SaaS導入支援,ミス削減,4840000,44,提案提出済,停滞,社内承認待ち,見積回答待ち,2026-02-24,渡辺,
DX-0017,東京精工株式会社,士業,〜50名,2026-02-26,要件定義支援,データ活用基盤,3100000,31,提案提出済,進行中,,見積回答待ち,2026-03-15,鈴木,
DX-0018,東洋運輸有限会社,製造,301〜1000名,2026-02-04,要件定義支援,ペーパーレス化,2970000,27,提案作成中,進行中,,提案書レビュー,2026-02-12,佐藤,キーマンへのアプローチ重要
DX-0019,未来商事株式会社,医療,〜50名,2026-01-13,定着支援,業務可視化,4600000,46,導入中,進行中,,定例MTG,2026-01-21,鈴木,
DX-0020,東京精工株式会社,医療,〜50名,2025-11-09,業務整理・可視化,ミス削減,2970000,27,完了,完了,,-,-,鈴木,
DX-0021,光物流有限会社,士業,51〜100名,2026-01-17,SaaS導入支援,工数削減,550000,5,導入中,進行中,,定例MTG,2026-02-05,伊藤,
DX-0022,東洋商事有限会社,物流,101〜300名,2025-12-03,運用設計,工数削減,3700000,37,要件定義中,進行中,,定例MTG,2026-01-14,鈴木,
DX-0023,東洋商事有限会社,士業,51〜100名,2025-11-14,データ移行・整備,ミス削減,3000000,30,完了,完了,,-,-,山田,
DX-0024,東洋製作所株式会社,物流,301〜1000名,2025-12-14,RPA導入,属人化解消,3330000,37,要件定義中,進行中,,定例MTG,2025-12-26,佐藤,キーマンへのアプローチ重要
DX-0025,第一建設有限会社,物流,〜50名,2025-12-22,定着支援,ペーパーレス化,1900000,19,保留,停滞,顧客側の担当不在,定例MTG,2026-01-28,佐藤,
DX-0026,日本商事株式会社,サービス,301〜1000名,2026-01-25,運用設計,ミス削減,4500000,50,導入中,進行中,,定例MTG,2026-02-01,伊藤,キーマンへのアプローチ重要
DX-0027,光サービス株式会社,卸売,301〜1000名,2026-02-28,要件定義支援,ペーパーレス化,4080000,34,初回相談,進行中,,ヒアリングシート回収,2026-04-05,山田,キーマンへのアプローチ重要
DX-0028,東洋商事有限会社,物流,301〜1000名,2025-11-15,データ移行・整備,データ活用基盤,3840000,32,失注,完了,,定例MTG,2025-12-20,田中,キーマンへのアプローチ重要
DX-0029,大阪運輸有限会社,サービス,101〜300名,2026-02-24,定着支援,ペーパーレス化,3800000,38,提案作成中,進行中,,提案書レビュー,2026-03-21,山田,
DX-0030,協和食品株式会社,卸売,51〜100名,2025-12-11,要件定義支援,ペーパーレス化,5390000,49,提案提出済,停滞,顧客現行ベンダーの非協力,見積回答待ち,2026-01-08,高橋,
DX-0031,国際精工株式会社,建設,301〜1000名,2026-01-14,RPA導入,ミス削減,3280000,41,要件定義中,停滞,要件未確定で手戻り,定例MTG,2026-02-14,鈴木,キーマンへのアプローチ重要
DX-0032,協和精工有限会社,建設,301〜1000名,2026-02-27,要件定義支援,業務可視化,3960000,36,初回相談,進行中,,ヒアリングシート回収,2026-03-31,渡辺,キーマンへのアプローチ重要
DX-0033,朝日建設有限会社,小売,〜50名,2026-02-27,RPA導入,ミス削減,5640000,47,初回相談,停滞,顧客現行ベンダーの非協力,ヒアリングシート回収,2026-04-04,佐藤,
DX-0034,東洋運輸有限会社,物流,51〜100名,2025-11-09,RPA導入,業務可視化,2900000,29,運用移行,進行中,,定例MTG,2025-11-21,渡辺,
DX-0035,日本商事株式会社,製造,101〜300名,2026-01-24,要件定義支援,データ活用基盤,3680000,46,提案提出済,停滞,社内承認待ち,見積回答待ち,2026-02-01,佐藤,
DX-0036,日本建設有限会社,サービス,〜50名,2026-01-08,データ移行・整備,ペーパーレス化,5390000,49,要件定義中,進行中,,定例MTG,2026-01-22,伊藤,
DX-0037,朝日食品株式会社,卸売,〜50名,2026-02-06,SaaS導入支援,ミス削減,3300000,30,提案提出済,停滞,予算期ズレ,見積回答待ち,2026-02-28,伊藤,
DX-0038,朝日食品株式会社,卸売,〜50名,2025-11-25,SaaS導入支援,ミス削減,5170000,47,運用移行,進行中,,定例MTG,2025-12-28,渡辺,
DX-0039,東京運輸有限会社,物流,301〜1000名,2026-02-04,運用設計,ペーパーレス化,1760000,16,提案提出済,進行中,,見積回答待ち,2026-03-17,田中,キーマンへのアプローチ重要
DX-0040,東京運輸有限会社,医療,101〜300名,2026-02-15,定着支援,ペーパーレス化,1760000,22,提案作成中,停滞,顧客現行ベンダーの非協力,提案書レビュー,2026-03-18,田中,
DX-0041,協和食品株式会社,小売,301〜1000名,2025-12-16,要件定義支援,業務可視化,2600000,26,要件定義中,進行中,,定例MTG,2025-12-23,田中,キーマンへのアプローチ重要
DX-0042,光技研株式会社,建設,301〜1000名,2026-01-07,RPA導入,ミス削減,4410000,49,要件定義中,進行中,,定例MTG,2026-01-19,山田,キーマンへのアプローチ重要
DX-0043,大阪食品株式会社,建設,101〜300名,2025-12-13,運用設計,ミス削減,3500000,35,導入中,進行中,,定例MTG,2026-01-10,田中,
DX-0044,未来商事株式会社,医療,101〜300名,2025-12-15,要件定義支援,工数削減,2250000,25,提案提出済,進行中,,見積回答待ち,2026-01-03,佐藤,
DX-0045,未来商事株式会社,医療,〜50名,2025-12-16,定着支援,ペーパーレス化,1900000,19,要件定義中,進行中,,定例MTG,2026-01-09,佐藤,
DX-0046,大阪精工株式会社,医療,51〜100名,2025-09-02,運用設計,属人化解消,400000,5,完了,完了,,-,-,高橋,
DX-0047,国際精工株式会社,医療,301〜1000名,2026-01-06,業務整理・可視化,工数削減,3960000,36,提案提出済,リスケ中,顧客繁忙期のため一時中断,見積回答待ち,2026-02-18,佐藤,キーマンへのアプローチ重要
DX-0048,国際食品株式会社,卸売,301〜1000名,2026-02-03,データ移行・整備,ミス削減,2280000,19,提案提出済,進行中,,見積回答待ち,2026-03-19,鈴木,キーマンへのアプローチ重要
DX-0049,第一精工有限会社,製造,〜50名,2026-02-10,定着支援,ペーパーレス化,1890000,21,提案提出済,停滞,社内承認待ち,見積回答待ち,2026-03-24,佐藤,
DX-0050,協和精工有限会社,サービス,301〜1000名,2025-10-01,SaaS導入支援,工数削減,2070000,23,完了,完了,,-,-,伊藤,キーマンへのアプローチ重要
DX-0051,東京工業株式会社,建設,301〜1000名,2025-10-08,業務整理・可視化,ミス削減,4140000,46,導入中,進行中,,定例MTG,2025-10-25,山田,キーマンへのアプローチ重要
DX-0052,日本商事有限会社,医療,301〜1000名,2026-02-20,業務整理・可視化,属人化解消,4900000,49,提案作成中,進行中,,提案書レビュー,2026-03-27,高橋,キーマンへのアプローチ重要
DX-0053,東京運輸有限会社,物流,101〜300名,2025-10-02,業務整理・可視化,工数削減,4320000,48,失注,完了,,定例MTG,2025-11-15,田中,
DX-0054,東洋サービス株式会社,医療,〜50名,2026-02-25,定着支援,ペーパーレス化,4180000,38,提案提出済,進行中,,見積回答待ち,2026-03-31,田中,
DX-0055,光技研株式会社,サービス,101〜300名,2026-01-16,RPA導入,業務可視化,4700000,47,提案提出済,停滞,顧客現行ベンダーの非協力,見積回答待ち,2026-02-23,伊藤,
DX-0056,未来運輸株式会社,製造,301〜1000名,2025-12-13,業務整理・可視化,業務可視化,2500000,25,提案提出済,進行中,,見積回答待ち,2025-12-20,渡辺,キーマンへのアプローチ重要
DX-0057,朝日建設有限会社,士業,〜50名,2026-01-18,要件定義支援,ミス削減,4400000,44,失注,完了,,定例MTG,2026-02-22,伊藤,
DX-0058,未来商事株式会社,小売,101〜300名,2026-02-07,RPA導入,データ活用基盤,1320000,12,初回相談,進行中,,ヒアリングシート回収,2026-02-24,佐藤,
DX-0059,大阪精工株式会社,士業,〜50名,2025-12-01,要件定義支援,工数削減,1320000,12,導入中,停滞,弊社PMアサイン待ち,定例MTG,2026-01-09,鈴木,
DX-0060,大阪運輸有限会社,サービス,51〜100名,2026-02-14,RPA導入,ミス削減,2610000,29,初回相談,進行中,,ヒアリングシート回収,2026-02-25,佐藤,
DX-0061,協和精工有限会社,物流,101〜300名,2025-12-26,定着支援,工数削減,2400000,24,保留,進行中,,定例MTG,2026-01-11,渡辺,
DX-0062,東洋運輸株式会社,物流,301〜1000名,2026-01-16,RPA導入,業務可視化,4410000,49,要件定義中,進行中,,定例MTG,2026-01-25,高橋,キーマンへのアプローチ重要
DX-0063,東洋技研株式会社,士業,301〜1000名,2025-12-16,運用設計,データ活用基盤,3240000,36,保留,停滞,予算期ズレ,定例MTG,2025-12-29,鈴木,キーマンへのアプローチ重要
DX-0064,東洋運輸有限会社,サービス,〜50名,2026-02-15,運用設計,ペーパーレス化,5060000,46,初回相談,停滞,要件未確定で手戻り,ヒアリングシート回収,2026-03-19,鈴木,
DX-0065,未来商事株式会社,士業,101〜300名,2026-01-28,運用設計,データ活用基盤,4290000,39,提案提出済,停滞,弊社リソース不足により着手遅延,見積回答待ち,2026-02-22,伊藤,
DX-0066,光技研株式会社,士業,〜50名,2026-02-24,定着支援,データ活用基盤,2640000,33,初回相談,進行中,,ヒアリングシート回収,2026-03-23,山田,
DX-0067,東洋運輸株式会社,物流,301〜1000名,2026-02-10,要件定義支援,ペーパーレス化,3720000,31,提案提出済,進行中,,見積回答待ち,2026-02-22,佐藤,キーマンへのアプローチ重要
DX-0068,協和商事有限会社,建設,301〜1000名,2026-01-13,データ移行・整備,ペーパーレス化,3060000,34,導入中,進行中,,定例MTG,2026-02-18,渡辺,キーマンへのアプローチ重要
DX-0069,日本商事株式会社,小売,〜50名,2026-02-22,RPA導入,業務可視化,2880000,24,提案提出済,進行中,,見積回答待ち,2026-03-20,高橋,
DX-0070,大阪運輸有限会社,卸売,51〜100名,2025-11-13,RPA導入,ミス削減,4100000,41,運用移行,リスケ中,顧客繁忙期のため一時中断,定例MTG,2025-12-15,渡辺,
