﻿メモID,登録日,区分,課題タイトル,課題内容,影響度,緊急度,現状ステータス,関連案件ID,対応案,オーナー,期限
ISS-DX-0001,2026-01-19,PM,プロジェクト炎上リスク,顧客要望が膨らんでおり、スコープクリープの兆候あり。,高,高,未対応,,営業・PM定例の開催,佐藤,2026-02-15
ISS-DX-0002,2025-12-09,営業,見積精度のばらつき,経験の浅い営業担当による見積もりで、実工数との乖離が発生。,中,中,保留,,営業・PM定例の開催,渡辺,2025-12-30
ISS-DX-0003,2025-12-12,営業,見積精度のばらつき,経験の浅い営業担当による見積もりで、実工数との乖離が発生。,中,中,対応中,,ヒアリングシートの標準化,佐藤,2025-12-23
ISS-DX-0004,2026-02-12,デリバリー,SaaS仕様変更への対応,導入中のfreeeのUI変更により、マニュアル修正工数が発生。,低,中,未対応,DX-0062,営業・PM定例の開催,伊藤,2026-03-01
ISS-DX-0005,2026-02-15,営業,提案リードタイムの長期化,PMのリソース確認に時間がかかり、提案書提出が平均7日遅れている。,中,高,対応中,,採用エージェントの変更,鈴木,2026-02-24
ISS-DX-0006,2026-02-01,デリバリー,顧客ITリテラシーのギャップ,要件定義にて、現行業務の言語化が顧客側でできず進捗が停止。,中,中,対応中,,営業・PM定例の開催,田中,2026-02-20
ISS-DX-0007,2026-02-12,営業,提案リードタイムの長期化,PMのリソース確認に時間がかかり、提案書提出が平均8日遅れている。,中,高,対応中,,ヒアリングシートの標準化,伊藤,2026-02-21
ISS-DX-0008,2026-02-15,営業,見積精度のばらつき,経験の浅い営業担当による見積もりで、実工数との乖離が発生。,中,中,未対応,DX-0005,営業・PM定例の開催,高橋,2026-02-25
ISS-DX-0009,2025-12-18,PM,PMリソース枯渇,新規案件にアサインできるPMがおらず、開始時期を調整せざるを得ない。,高,高,対応中,,ヒアリングシートの標準化,高橋,2026-01-14
ISS-DX-0010,2025-12-16,デリバリー,SaaS仕様変更への対応,導入中のfreeeのUI変更により、マニュアル修正工数が発生。,低,中,未対応,,ヒアリングシートの標準化,高橋,2026-01-06
ISS-DX-0011,2026-02-28,デリバリー,顧客ITリテラシーのギャップ,要件定義にて、現行業務の言語化が顧客側でできず進捗が停止。,中,中,保留,,営業・PM定例の開催,山田,2026-03-19
ISS-DX-0012,2026-01-04,PM,プロジェクト炎上リスク,顧客要望が膨らんでおり、スコープクリープの兆候あり。,高,高,未対応,DX-0043,ヒアリングシートの標準化,佐藤,2026-01-29
ISS-DX-0013,2026-01-27,PM,プロジェクト炎上リスク,顧客要望が膨らんでおり、スコープクリープの兆候あり。,高,高,対応中,,採用エージェントの変更,山田,2026-02-11
ISS-DX-0014,2026-02-05,PM,PMリソース枯渇,新規案件にアサインできるPMがおらず、開始時期を調整せざるを得ない。,高,高,未対応,DX-0046,ヒアリングシートの標準化,田中,2026-02-22
ISS-DX-0015,2025-12-09,営業,提案リードタイムの長期化,PMのリソース確認に時間がかかり、提案書提出が平均7日遅れている。,中,高,未対応,,顧客への追加見積提示,高橋,2025-12-27
ISS-DX-0016,2026-01-04,体制,採用計画の遅れ,即戦力PMの採用が難航しており、充足率が47%にとどまる。,高,中,保留,,採用エージェントの変更,鈴木,2026-01-25
ISS-DX-0017,2026-02-01,営業,提案リードタイムの長期化,PMのリソース確認に時間がかかり、提案書提出が平均12日遅れている。,中,高,未対応,,顧客への追加見積提示,山田,2026-02-10
ISS-DX-0018,2026-01-05,営業,提案リードタイムの長期化,PMのリソース確認に時間がかかり、提案書提出が平均7日遅れている。,中,高,対応中,,採用エージェントの変更,高橋,2026-01-15
ISS-DX-0019,2026-02-04,PM,プロジェクト炎上リスク,顧客要望が膨らんでおり、スコープクリープの兆候あり。,高,高,対応中,,顧客への追加見積提示,鈴木,2026-02-25
ISS-DX-0020,2026-01-24,営業,提案リードタイムの長期化,PMのリソース確認に時間がかかり、提案書提出が平均10日遅れている。,中,高,対応中,,ヒアリングシートの標準化,伊藤,2026-02-15
ISS-DX-0021,2025-12-27,営業,提案リードタイムの長期化,PMのリソース確認に時間がかかり、提案書提出が平均6日遅れている。,中,高,対応中,,採用エージェントの変更,山田,2026-01-21
ISS-DX-0022,2026-02-18,デリバリー,顧客ITリテラシーのギャップ,要件定義にて、現行業務の言語化が顧客側でできず進捗が停止。,中,中,保留,,顧客への追加見積提示,渡辺,2026-03-20
ISS-DX-0023,2025-12-10,デリバリー,SaaS仕様変更への対応,導入中のkintoneのUI変更により、マニュアル修正工数が発生。,低,中,保留,,ヒアリングシートの標準化,伊藤,2026-01-01
ISS-DX-0024,2026-01-04,デリバリー,顧客ITリテラシーのギャップ,要件定義にて、現行業務の言語化が顧客側でできず進捗が停止。,中,中,対応中,,顧客への追加見積提示,渡辺,2026-01-28
ISS-DX-0025,2026-02-27,デリバリー,SaaS仕様変更への対応,導入中のkintoneのUI変更により、マニュアル修正工数が発生。,低,中,保留,,営業・PM定例の開催,山田,2026-03-11
ISS-DX-0026,2026-01-25,デリバリー,顧客ITリテラシーのギャップ,要件定義にて、現行業務の言語化が顧客側でできず進捗が停止。,中,中,未対応,,採用エージェントの変更,伊藤,2026-02-13
ISS-DX-0027,2025-12-24,営業,見積精度のばらつき,経験の浅い営業担当による見積もりで、実工数との乖離が発生。,中,中,対応中,,営業・PM定例の開催,佐藤,2026-01-11
ISS-DX-0028,2026-01-11,PM,プロジェクト炎上リスク,顧客要望が膨らんでおり、スコープクリープの兆候あり。,高,高,未対応,DX-0007,外部パートナーへの委託拡大,鈴木,2026-02-01
ISS-DX-0029,2026-02-16,デリバリー,SaaS仕様変更への対応,導入中のfreeeのUI変更により、マニュアル修正工数が発生。,低,中,未対応,,外部パートナーへの委託拡大,鈴木,2026-03-08
ISS-DX-0030,2025-12-22,営業,見積精度のばらつき,経験の浅い営業担当による見積もりで、実工数との乖離が発生。,中,中,未対応,DX-0008,外部パートナーへの委託拡大,佐藤,2026-01-07
